id,credit_card_type,credit_card_number,currency_code,currency
1,mastercard,5048373818202081,EUR,Euro
2,mastercard,5048374489792384,GBP,Pound
3,mastercard,5048377139633411,CNY,Yuan Renminbi
4,mastercard,5048370188488290,RUB,Ruble
5,mastercard,5108752289914273,IDR,Rupiah
6,mastercard,5108759261015227,IDR,Rupiah
7,mastercard,5108757741696327,USD,Dollar
8,mastercard,5048372744910098,CNY,Yuan Renminbi
9,mastercard,5108759708856134,EUR,Euro
10,mastercard,5048372122955913,CNY,Yuan Renminbi
11,mastercard,5108758969151896,CNY,Yuan Renminbi
12,mastercard,5048373026903454,SEK,Krona
13,mastercard,5108757064486371,EUR,Euro
14,mastercard,5108757488213765,IDR,Rupiah
15,mastercard,5048377166183306,IDR,Rupiah
16,mastercard,5048373854404989,CNY,Yuan Renminbi
17,mastercard,5108754833471487,EUR,Euro
18,mastercard,5048374362647820,IDR,Rupiah
19,mastercard,5108752700005099,EUR,Euro
20,mastercard,5108759936328757,EUR,Euro
21,mastercard,5108759446121213,CNY,Yuan Renminbi
22,mastercard,5048370099914293,EUR,Euro
23,mastercard,5048378876281141,CZK,Koruna
24,mastercard,5048372057252609,MYR,Ringgit
25,mastercard,5048372806798936,PHP,Peso
26,mastercard,5108757248403417,JPY,Yen
27,mastercard,5048371419759301,SEK,Krona
28,mastercard,5108754330994734,EUR,Euro
29,mastercard,5108757739981665,IDR,Rupiah
30,mastercard,5048370059227025,CZK,Koruna
31,mastercard,5048379233824748,CNY,Yuan Renminbi
32,mastercard,5048370458054541,EUR,Euro
33,mastercard,5108752307258679,CNY,Yuan Renminbi
34,mastercard,5048370553492794,PLN,Zloty
35,mastercard,5048372978553556,BDT,Taka
36,mastercard,5048374358466383,CNY,Yuan Renminbi
37,mastercard,5048379389423550,IDR,Rupiah
38,mastercard,5048376771997050,CNY,Yuan Renminbi
39,mastercard,5108756379743120,RUB,Ruble
40,mastercard,5108759347118946,HNL,Lempira
41,mastercard,5108750210006409,PLN,Zloty
42,mastercard,5108755378774573,ARS,Peso
43,mastercard,5108753723982215,SEK,Krona
44,mastercard,5108754427293263,IRR,Rial
45,mastercard,5048378118080483,RUB,Ruble
46,mastercard,5048374249305246,UAH,Hryvnia
47,mastercard,5108758876641062,HNL,Lempira
48,mastercard,5108752669075208,PLN,Zloty
49,mastercard,5048374825870241,TTD,Dollar
50,mastercard,5108759754987296,CNY,Yuan Renminbi
51,mastercard,5108758781497733,EUR,Euro
52,mastercard,5048379965976161,CNY,Yuan Renminbi
53,mastercard,5048370331477117,BWP,Pula
54,mastercard,5048372677881936,CNY,Yuan Renminbi
55,mastercard,5108756178472525,IDR,Rupiah
56,mastercard,5108759379291355,EUR,Euro
57,mastercard,5108756353327676,HRK,Kuna
58,mastercard,5048370793489972,HNL,Lempira
59,mastercard,5108756631776389,KPW,Won
60,mastercard,5048377546656351,EUR,Euro
61,mastercard,5108750533096681,ZAR,Rand
62,mastercard,5048374217704826,CNY,Yuan Renminbi
63,mastercard,5108759750138829,MKD,Denar
64,mastercard,5108757735189735,CNY,Yuan Renminbi
65,mastercard,5108759089275672,PLN,Zloty
66,mastercard,5108759477044763,KES,Shilling
67,mastercard,5048376532003891,RUB,Ruble
68,mastercard,5048376520800712,AFN,Afghani
69,mastercard,5048378827881288,VND,Dong
70,mastercard,5048377884085270,MKD,Denar
71,mastercard,5048371549724951,KGS,Som
72,mastercard,5048371650325457,BRL,Real
73,mastercard,5048375155376212,PHP,Peso
74,mastercard,5048378320975389,CNY,Yuan Renminbi
75,mastercard,5108752596826095,RUB,Ruble
76,mastercard,5108755867346776,ARS,Peso
77,mastercard,5048371445797382,BRL,Real
78,mastercard,5108758200437666,PHP,Peso
79,mastercard,5048374056079587,RUB,Ruble
80,mastercard,5108751264880400,BRL,Real
81,mastercard,5048376639060190,IDR,Rupiah
82,mastercard,5048371146854367,GBP,Pound
83,mastercard,5108755567113492,BRL,Real
84,mastercard,5048372557439169,EUR,Euro
85,mastercard,5108757445380475,BRL,Real
86,mastercard,5108752548985742,TZS,Shilling
87,mastercard,5108753757875111,RUB,Ruble
88,mastercard,5048375882401663,BRL,Real
89,mastercard,5048374070017142,BRL,Real
90,mastercard,5108755000995828,PHP,Peso
91,mastercard,5108753808274983,ETB,Birr
92,mastercard,5048379863974144,CNY,Yuan Renminbi
93,mastercard,5108756789516041,EUR,Euro
94,mastercard,5048377218956949,SEK,Krona
95,mastercard,5108755309701190,CNY,Yuan Renminbi
96,mastercard,5108758259681479,ILS,Shekel
97,mastercard,5108752700745884,HNL,Lempira
98,mastercard,5048371769958560,RUB,Ruble
99,mastercard,5048370575687561,EUR,Euro
100,mastercard,5108754139059937,HRK,Kuna
101,mastercard,5108753875279220,BGN,Lev
102,mastercard,5108752502098490,COP,Peso
103,mastercard,5108752108358777,KRW,Won
104,mastercard,5048376949598632,CNY,Yuan Renminbi
105,mastercard,5048372073928943,NGN,Naira
106,mastercard,5048378480815797,CNY,Yuan Renminbi
107,mastercard,5048374715258861,MYR,Ringgit
108,mastercard,5108758519917515,USD,Dollar
109,mastercard,5108753563513997,USD,Dollar
110,mastercard,5108750466319530,IDR,Rupiah
111,mastercard,5048379030391156,IDR,Rupiah
112,mastercard,5108758813473025,YER,Rial
113,mastercard,5108750759881311,PHP,Peso
114,mastercard,5108750855621983,BAM,Marka
115,mastercard,5048379506652826,USD,Dollar
116,mastercard,5108753441363326,PHP,Peso
117,mastercard,5048370867037087,ILS,Shekel
118,mastercard,5048373188905479,COP,Peso
119,mastercard,5048376506698445,EUR,Euro
120,mastercard,5108754455537938,SEK,Krona
121,mastercard,5108754848329811,CNY,Yuan Renminbi
122,mastercard,5108757400184698,IDR,Rupiah
123,mastercard,5048371051134078,IDR,Rupiah
124,mastercard,5048375461164740,USD,Dollar
125,mastercard,5048371052095070,EUR,Euro
126,mastercard,5108752023606151,VND,Dong
127,mastercard,5108752461001204,ZWL,Dollar
128,mastercard,5108756192134457,IDR,Rupiah
129,mastercard,5108755752109289,EUR,Euro
130,mastercard,5108757361555316,LTL,Litas
131,mastercard,5048379955348215,JPY,Yen
132,mastercard,5108758037997114,CNY,Yuan Renminbi
133,mastercard,5048378534006377,TWD,Dollar
134,mastercard,5048372452821701,CNY,Yuan Renminbi
135,mastercard,5048370435707039,IDR,Rupiah
136,mastercard,5108754777024375,UAH,Hryvnia
137,mastercard,5108756605687091,CNY,Yuan Renminbi
138,mastercard,5108750076961838,HRK,Kuna
139,mastercard,5048371342087523,IDR,Rupiah
140,mastercard,5048377050591796,JPY,Yen
141,mastercard,5048373250136110,PKR,Rupee
142,mastercard,5048374443009131,CNY,Yuan Renminbi
143,mastercard,5108753613503865,EGP,Pound
144,mastercard,5108752197660935,HNL,Lempira
145,mastercard,5108753578294674,PLN,Zloty
146,mastercard,5048374603766348,UAH,Hryvnia
147,mastercard,5048375054907265,PEN,Sol
148,mastercard,5048376832225152,CNY,Yuan Renminbi
149,mastercard,5108756661495256,IDR,Rupiah
150,mastercard,5108751487387779,JPY,Yen
151,mastercard,5108758191044067,ARS,Peso
152,mastercard,5108751530228988,RUB,Ruble
153,mastercard,5048372335709578,BDT,Taka
154,mastercard,5108753075745004,EUR,Euro
155,mastercard,5108758688416091,CNY,Yuan Renminbi
156,mastercard,5048379033133753,IDR,Rupiah
157,mastercard,5108751141842896,PLN,Zloty
158,mastercard,5048370043304906,SEK,Krona
159,mastercard,5108755471385020,CAD,Dollar
160,mastercard,5108758382786112,IDR,Rupiah
161,mastercard,5108755298024018,CNY,Yuan Renminbi
162,mastercard,5048372484746777,IDR,Rupiah
163,mastercard,5048370774359475,MYR,Ringgit
164,mastercard,5108751345386427,SYP,Pound
165,mastercard,5048372574481228,CNY,Yuan Renminbi
166,mastercard,5048376223227379,AFN,Afghani
167,mastercard,5048372698726359,RUB,Ruble
168,mastercard,5108756680280663,CNY,Yuan Renminbi
169,mastercard,5108753587732359,CNY,Yuan Renminbi
170,mastercard,5108757054341164,EUR,Euro
171,mastercard,5048370502502610,CNY,Yuan Renminbi
172,mastercard,5048379212528484,EUR,Euro
173,mastercard,5108753528608361,COP,Peso
174,mastercard,5048375210196217,KZT,Tenge
175,mastercard,5108757472294300,PHP,Peso
176,mastercard,5048372538160157,MRO,Ouguiya
177,mastercard,5048378450284701,CAD,Dollar
178,mastercard,5108756891884717,LKR,Rupee
179,mastercard,5048378971861342,MDL,Leu
180,mastercard,5048378099038203,CNY,Yuan Renminbi
181,mastercard,5048372700244110,IDR,Rupiah
182,mastercard,5108755748582789,CNY,Yuan Renminbi
183,mastercard,5108754919904864,CNY,Yuan Renminbi
184,mastercard,5108758830072602,SEK,Krona
185,mastercard,5048378199831697,XAF,Franc
186,mastercard,5048372796358485,CVE,Escudo
187,mastercard,5108757287507664,IDR,Rupiah
188,mastercard,5048373229494673,CNY,Yuan Renminbi
189,mastercard,5048376968157872,IDR,Rupiah
190,mastercard,5108757544883247,HNL,Lempira
191,mastercard,5108758404257894,XOF,Franc
192,mastercard,5108757370836228,BRL,Real
193,mastercard,5108751208479483,EUR,Euro
194,mastercard,5108754883042261,CZK,Koruna
195,mastercard,5108752344886110,UAH,Hryvnia
196,mastercard,5048375045940037,JMD,Dollar
197,mastercard,5108754190251290,PLN,Zloty
198,mastercard,5108757347439742,EUR,Euro
199,mastercard,5108753153672120,EUR,Euro
200,mastercard,5048371699264444,AZN,Manat
201,mastercard,5108758588966575,IDR,Rupiah
202,mastercard,5048377281432638,CZK,Koruna
203,mastercard,5048372799071622,TZS,Shilling
204,mastercard,5108755454460527,PHP,Peso
205,mastercard,5048370090553231,PLN,Zloty
206,mastercard,5048373221870029,USD,Dollar
207,mastercard,5048376892629954,CNY,Yuan Renminbi
208,mastercard,5108753479401980,CNY,Yuan Renminbi
209,mastercard,5048376219578462,PHP,Peso
210,mastercard,5108751355506518,CNY,Yuan Renminbi
211,mastercard,5108754465218636,CNY,Yuan Renminbi
212,mastercard,5048376184448139,CNY,Yuan Renminbi
213,mastercard,5048371176037487,PHP,Peso
214,mastercard,5108756936638615,CNY,Yuan Renminbi
215,mastercard,5048377724878280,IDR,Rupiah
216,mastercard,5108758728753719,THB,Baht
217,mastercard,5048379007878235,EUR,Euro
218,mastercard,5108758703741945,CZK,Koruna
219,mastercard,5108758272905376,AMD,Dram
220,mastercard,5108752946609704,EUR,Euro
221,mastercard,5048373713476988,ARS,Peso
222,mastercard,5108758276084293,EUR,Euro
223,mastercard,5108757129708835,UAH,Hryvnia
224,mastercard,5108755152083357,IDR,Rupiah
225,mastercard,5048379300227189,USD,Dollar
226,mastercard,5108755036069721,PLN,Zloty
227,mastercard,5108757958909686,BRL,Real
228,mastercard,5108752754765374,EUR,Euro
229,mastercard,5048379854100972,EUR,Euro
230,mastercard,5108753345436103,CNY,Yuan Renminbi
231,mastercard,5048373918237078,RUB,Ruble
232,mastercard,5108752279416289,CNY,Yuan Renminbi
233,mastercard,5108756082405231,IDR,Rupiah
234,mastercard,5048373011525015,CZK,Koruna
235,mastercard,5108752940538271,USD,Dollar
236,mastercard,5048375280724302,JPY,Yen
237,mastercard,5108759617735452,SEK,Krona
238,mastercard,5108757669740602,NPR,Rupee
239,mastercard,5108758402009305,PHP,Peso
240,mastercard,5108757948311357,IDR,Rupiah
241,mastercard,5048375605162311,MAD,Dirham
242,mastercard,5108757548047336,EUR,Euro
243,mastercard,5048379751297434,IDR,Rupiah
244,mastercard,5108755672693438,PEN,Sol
245,mastercard,5108756151743546,USD,Dollar
246,mastercard,5048370103498226,CNY,Yuan Renminbi
247,mastercard,5048376982207836,IDR,Rupiah
248,mastercard,5048374589571605,DOP,Peso
249,mastercard,5108750981008899,IDR,Rupiah
250,mastercard,5048375866585598,HRK,Kuna
251,mastercard,5108758506060352,NGN,Naira
252,mastercard,5108759933187396,NGN,Naira
253,mastercard,5048378947657741,CNY,Yuan Renminbi
254,mastercard,5108750945820827,IDR,Rupiah
255,mastercard,5048376078375364,RUB,Ruble
256,mastercard,5048375281710326,MNT,Tugrik
257,mastercard,5048377438643509,LTL,Litas
258,mastercard,5048378959697619,CNY,Yuan Renminbi
259,mastercard,5048377748759136,PHP,Peso
260,mastercard,5048379779022814,HTG,Gourde
261,mastercard,5048370825000599,CNY,Yuan Renminbi
262,mastercard,5108751461553321,PHP,Peso
263,mastercard,5108755101905254,CNY,Yuan Renminbi
264,mastercard,5108752383359920,BGN,Lev
265,mastercard,5108758909016076,CAD,Dollar
266,mastercard,5048377260330993,IDR,Rupiah
267,mastercard,5048373441014325,USD,Dollar
268,mastercard,5048376594544147,PHP,Peso
269,mastercard,5108759365944140,EUR,Euro
270,mastercard,5048374863490498,IDR,Rupiah
271,mastercard,5048372460352301,COP,Peso
272,mastercard,5048378988391051,COP,Peso
273,mastercard,5048377457209729,RUB,Ruble
274,mastercard,5048378739747395,CNY,Yuan Renminbi
275,mastercard,5108759328849873,EUR,Euro
276,mastercard,5108754373774589,IDR,Rupiah
277,mastercard,5108759066126641,NOK,Krone
278,mastercard,5108758422346109,SEK,Krona
279,mastercard,5108756672629208,CNY,Yuan Renminbi
280,mastercard,5108753196795854,IDR,Rupiah
281,mastercard,5108756277799968,EUR,Euro
282,mastercard,5048376843776888,EUR,Euro
283,mastercard,5108756226408760,RUB,Ruble
284,mastercard,5108752493197939,MXN,Peso
285,mastercard,5048374172612816,CNY,Yuan Renminbi
286,mastercard,5048372189784347,IDR,Rupiah
287,mastercard,5108758872658656,CNY,Yuan Renminbi
288,mastercard,5108757090425476,TND,Dinar
289,mastercard,5048377583824177,CZK,Koruna
290,mastercard,5048374276459296,LYD,Dinar
291,mastercard,5048375402736580,UAH,Hryvnia
292,mastercard,5048373112947100,PKR,Rupee
293,mastercard,5108758568815644,IDR,Rupiah
294,mastercard,5108757314738688,RUB,Ruble
295,mastercard,5108754546410939,EUR,Euro
296,mastercard,5048371346592338,CNY,Yuan Renminbi
297,mastercard,5108756002127709,RUB,Ruble
298,mastercard,5108752628101657,RUB,Ruble
299,mastercard,5048374687418527,VEF,Bolivar
300,mastercard,5048372121167775,CNY,Yuan Renminbi
301,mastercard,5108757450736256,PHP,Peso
302,mastercard,5108751758011850,SEK,Krona
303,mastercard,5108754534607025,RUB,Ruble
304,mastercard,5048376201133524,CNY,Yuan Renminbi
305,mastercard,5048378829230971,CAD,Dollar
306,mastercard,5108755070783724,IDR,Rupiah
307,mastercard,5108758277725001,CNY,Yuan Renminbi
308,mastercard,5108759580315894,ARS,Peso
309,mastercard,5108759230903248,EUR,Euro
310,mastercard,5048373563661689,RUB,Ruble
311,mastercard,5108752112657735,PHP,Peso
312,mastercard,5108756929158480,IDR,Rupiah
313,mastercard,5048371472245511,UAH,Hryvnia
314,mastercard,5108755400415716,COP,Peso
315,mastercard,5048372564776413,SEK,Krona
316,mastercard,5108759615416808,PEN,Sol
317,mastercard,5048377263791506,SEK,Krona
318,mastercard,5108759380048505,PEN,Sol
319,mastercard,5048376526442592,CNY,Yuan Renminbi
320,mastercard,5108754120385812,RUB,Ruble
321,mastercard,5048370188867329,RUB,Ruble
322,mastercard,5108754848570406,JPY,Yen
323,mastercard,5048370517173001,EUR,Euro
324,mastercard,5108755483694534,JPY,Yen
325,mastercard,5108756889734106,CNY,Yuan Renminbi
326,mastercard,5108759109136631,EUR,Euro
327,mastercard,5048371482957857,UZS,Som
328,mastercard,5048370684979800,USD,Dollar
329,mastercard,5108759247457741,PYG,Guarani
330,mastercard,5048376533910896,RUB,Ruble
331,mastercard,5108750885293803,RUB,Ruble
332,mastercard,5048374619804588,PHP,Peso
333,mastercard,5048375890191165,RSD,Dinar
334,mastercard,5108751295203143,IDR,Rupiah
335,mastercard,5108755015012239,RUB,Ruble
336,mastercard,5048372607224363,ARS,Peso
337,mastercard,5048371010725875,HRK,Kuna
338,mastercard,5108751475953681,EUR,Euro
339,mastercard,5108759771120335,CNY,Yuan Renminbi
340,mastercard,5108758551822136,EUR,Euro
341,mastercard,5108751483328801,PEN,Sol
342,mastercard,5108756641279556,IDR,Rupiah
343,mastercard,5108751722454368,USD,Dollar
344,mastercard,5048370317791762,LYD,Dinar
345,mastercard,5108752393839507,PLN,Zloty
346,mastercard,5108752692114420,EUR,Euro
347,mastercard,5108755816931603,CNY,Yuan Renminbi
348,mastercard,5048379164779713,RUB,Ruble
349,mastercard,5108759096954251,CNY,Yuan Renminbi
350,mastercard,5108751795973807,KRW,Won
351,mastercard,5048378016556824,PKR,Rupee
352,mastercard,5108757394080464,PHP,Peso
353,mastercard,5108758610810452,ARS,Peso
354,mastercard,5108752349179370,CNY,Yuan Renminbi
355,mastercard,5108750975687708,EUR,Euro
356,mastercard,5108754859949366,NOK,Krone
357,mastercard,5048377878959191,PHP,Peso
358,mastercard,5048378656518068,CZK,Koruna
359,mastercard,5108751311426587,CNY,Yuan Renminbi
360,mastercard,5108758150437096,IDR,Rupiah
361,mastercard,5108754150281493,CNY,Yuan Renminbi
362,mastercard,5108758897826569,CRC,Colon
363,mastercard,5048371534053366,CNY,Yuan Renminbi
364,mastercard,5108750367228798,BGN,Lev
365,mastercard,5108753787141831,UAH,Hryvnia
366,mastercard,5108756054344574,ETB,Birr
367,mastercard,5108759278689261,CNY,Yuan Renminbi
368,mastercard,5048372787844360,PLN,Zloty
369,mastercard,5108758825548616,IDR,Rupiah
370,mastercard,5048376552661032,CNY,Yuan Renminbi
371,mastercard,5108759751684904,NGN,Naira
372,mastercard,5108755844227917,JPY,Yen
373,mastercard,5048377412435765,YER,Rial
374,mastercard,5048378765630796,CNY,Yuan Renminbi
375,mastercard,5048376639176293,RUB,Ruble
376,mastercard,5048379391492155,RUB,Ruble
377,mastercard,5108755835685222,EUR,Euro
378,mastercard,5048377460506764,CNY,Yuan Renminbi
379,mastercard,5048375641676217,EUR,Euro
380,mastercard,5108757176044993,EUR,Euro
381,mastercard,5048379462616567,RUB,Ruble
382,mastercard,5048375561609032,EUR,Euro
383,mastercard,5108756170367590,EUR,Euro
384,mastercard,5048376334834220,SEK,Krona
385,mastercard,5048375811463461,CNY,Yuan Renminbi
386,mastercard,5048370717427702,CAD,Dollar
387,mastercard,5048372907477174,BRL,Real
388,mastercard,5048371538642420,EUR,Euro
389,mastercard,5108751507794467,PKR,Rupee
390,mastercard,5048374809312343,CNY,Yuan Renminbi
391,mastercard,5108750005304316,IDR,Rupiah
392,mastercard,5108751792454587,ILS,Shekel
393,mastercard,5108753363486808,CNY,Yuan Renminbi
394,mastercard,5108756513130754,IDR,Rupiah
395,mastercard,5048375676621054,CNY,Yuan Renminbi
396,mastercard,5048373889619445,PHP,Peso
397,mastercard,5048371465651063,CNY,Yuan Renminbi
398,mastercard,5048374016800452,IDR,Rupiah
399,mastercard,5108753097189264,CNY,Yuan Renminbi
400,mastercard,5048372550347922,PLN,Zloty
401,mastercard,5048374411475132,CNY,Yuan Renminbi
402,mastercard,5048374953192442,PHP,Peso
403,mastercard,5108757922077750,SEK,Krona
404,mastercard,5108750686887811,PHP,Peso
405,mastercard,5108753254815495,CNY,Yuan Renminbi
406,mastercard,5048370942493701,PEN,Sol
407,mastercard,5108759451359583,CNY,Yuan Renminbi
408,mastercard,5048379849694808,RSD,Dinar
409,mastercard,5108752008617041,EUR,Euro
410,mastercard,5108757310837120,IDR,Rupiah
411,mastercard,5048375413905729,MWK,Kwacha
412,mastercard,5048371243077920,PEN,Sol
413,mastercard,5108751393826118,RUB,Ruble
414,mastercard,5048375633587745,PEN,Sol
415,mastercard,5108751860317401,CNY,Yuan Renminbi
416,mastercard,5048378215756795,IDR,Rupiah
417,mastercard,5108750250059284,PHP,Peso
418,mastercard,5048370524802667,RUB,Ruble
419,mastercard,5108753890388345,PLN,Zloty
420,mastercard,5048374427296332,YER,Rial
421,mastercard,5108754999745476,CAD,Dollar
422,mastercard,5048379903228840,UAH,Hryvnia
423,mastercard,5108750794924498,GBP,Pound
424,mastercard,5108756591452666,MXN,Peso
425,mastercard,5048372894353958,JPY,Yen
426,mastercard,5048375780592779,IDR,Rupiah
427,mastercard,5048371996597512,IDR,Rupiah
428,mastercard,5048375108780437,EUR,Euro
429,mastercard,5048373373637176,CAD,Dollar
430,mastercard,5108758775102398,CNY,Yuan Renminbi
431,mastercard,5048373612919666,USD,Dollar
432,mastercard,5048379927265604,PLN,Zloty
433,mastercard,5108756442222847,EUR,Euro
434,mastercard,5048377479032109,CNY,Yuan Renminbi
435,mastercard,5108757667327394,CNY,Yuan Renminbi
436,mastercard,5108751436508582,SEK,Krona
437,mastercard,5048371391472253,KPW,Won
438,mastercard,5048372412558450,CNY,Yuan Renminbi
439,mastercard,5108750745602417,CNY,Yuan Renminbi
440,mastercard,5108756243292262,JPY,Yen
441,mastercard,5108756342238521,UAH,Hryvnia
442,mastercard,5048374689476614,CZK,Koruna
443,mastercard,5048378299815285,RUB,Ruble
444,mastercard,5048370563023498,PLN,Zloty
445,mastercard,5108756573791693,RUB,Ruble
446,mastercard,5108754902752718,XOF,Franc
447,mastercard,5108758761448979,JPY,Yen
448,mastercard,5048375016922642,PHP,Peso
449,mastercard,5108756343942394,SEK,Krona
450,mastercard,5108752985430723,SEK,Krona
451,mastercard,5048372865676635,USD,Dollar
452,mastercard,5048377380822770,XOF,Franc
453,mastercard,5108753055900843,CZK,Koruna
454,mastercard,5108753914455435,DKK,Krone
455,mastercard,5108754110500289,IDR,Rupiah
456,mastercard,5108757695745252,BRL,Real
457,mastercard,5108758203835494,CNY,Yuan Renminbi
458,mastercard,5048379921371390,UGX,Shilling
459,mastercard,5048370120937321,IDR,Rupiah
460,mastercard,5108757623530081,BYR,Ruble
461,mastercard,5108757342325813,AMD,Dram
462,mastercard,5048373570246219,BRL,Real
463,mastercard,5048375149299272,BAM,Marka
464,mastercard,5048370585654577,CNY,Yuan Renminbi
465,mastercard,5108758818140892,MXN,Peso
466,mastercard,5048374806371524,COP,Peso
467,mastercard,5048373963028661,COP,Peso
468,mastercard,5108750331306795,MKD,Denar
469,mastercard,5048379743147010,KGS,Som
470,mastercard,5108758704533655,EUR,Euro
471,mastercard,5108757278575209,THB,Baht
472,mastercard,5108751233778420,EUR,Euro
473,mastercard,5048377449950075,KHR,Riels
474,mastercard,5108752493325092,SEK,Krona
475,mastercard,5048373813109588,SEK,Krona
476,mastercard,5048372889865404,BRL,Real
477,mastercard,5048377502867307,PHP,Peso
478,mastercard,5048374046121887,CNY,Yuan Renminbi
479,mastercard,5048373513138580,BYR,Ruble
480,mastercard,5108755863114525,MAD,Dirham
481,mastercard,5048370920331402,XAF,Franc
482,mastercard,5108750586139727,EUR,Euro
483,mastercard,5108753700118031,IDR,Rupiah
484,mastercard,5108751738571783,CNY,Yuan Renminbi
485,mastercard,5108759793522914,IDR,Rupiah
486,mastercard,5108754931525507,IRR,Rial
487,mastercard,5108754162388237,ARS,Peso
488,mastercard,5048378168986290,SEK,Krona
489,mastercard,5108755257884600,CNY,Yuan Renminbi
490,mastercard,5048374295937918,PHP,Peso
491,mastercard,5108759198646466,CAD,Dollar
492,mastercard,5108752054900549,NGN,Naira
493,mastercard,5108754284565811,THB,Baht
494,mastercard,5048373244502385,CNY,Yuan Renminbi
495,mastercard,5108753907999571,HUF,Forint
496,mastercard,5048372241013586,IDR,Rupiah
497,mastercard,5108758750029236,PHP,Peso
498,mastercard,5048374539325201,CNY,Yuan Renminbi
499,mastercard,5048379678871972,EUR,Euro
500,mastercard,5048374197221833,THB,Baht
501,mastercard,5108759364733635,CNY,Yuan Renminbi
502,mastercard,5048372064191071,CNY,Yuan Renminbi
503,mastercard,5048379725332986,CNY,Yuan Renminbi
504,mastercard,5048377115270964,EUR,Euro
505,mastercard,5048379661554601,IDR,Rupiah
506,mastercard,5048374907636619,JOD,Dinar
507,mastercard,5108754997680261,XOF,Franc
508,mastercard,5108759329530860,CNY,Yuan Renminbi
509,mastercard,5048378870999367,CNY,Yuan Renminbi
510,mastercard,5048376241158051,RSD,Dinar
511,mastercard,5048377179148973,PLN,Zloty
512,mastercard,5108752506193768,SEK,Krona
513,mastercard,5048373341480675,BRL,Real
514,mastercard,5108759793000754,EUR,Euro
515,mastercard,5108758878492506,PHP,Peso
516,mastercard,5108750604713933,MZN,Metical
517,mastercard,5048378503576020,CNY,Yuan Renminbi
518,mastercard,5108757682879627,IDR,Rupiah
519,mastercard,5048379294366977,CNY,Yuan Renminbi
520,mastercard,5108757132512455,LKR,Rupee
521,mastercard,5048376581113559,CNY,Yuan Renminbi
522,mastercard,5108757078215949,VND,Dong
523,mastercard,5048374190155186,BRL,Real
524,mastercard,5108756217705984,UYU,Peso
525,mastercard,5108750346622897,RUB,Ruble
526,mastercard,5108750662372598,RUB,Ruble
527,mastercard,5108752854009228,PHP,Peso
528,mastercard,5108752817008010,BGN,Lev
529,mastercard,5048370050821958,KMF,Franc
530,mastercard,5048379773665790,MXN,Peso
531,mastercard,5108755664775441,BRL,Real
532,mastercard,5108757269463019,EUR,Euro
533,mastercard,5108756848907439,RUB,Ruble
534,mastercard,5048374810477978,PHP,Peso
535,mastercard,5048370894951052,IDR,Rupiah
536,mastercard,5048379528727994,PEN,Sol
537,mastercard,5108754911831081,PEN,Sol
538,mastercard,5108752281126280,MYR,Ringgit
539,mastercard,5108751598884540,BGN,Lev
540,mastercard,5108753127759847,PLN,Zloty
541,mastercard,5048377184003247,AFN,Afghani
542,mastercard,5048373208700884,CNY,Yuan Renminbi
543,mastercard,5108754267592246,CNY,Yuan Renminbi
544,mastercard,5048378445110599,EUR,Euro
545,mastercard,5108753226742108,NGN,Naira
546,mastercard,5048374481768051,VND,Dong
547,mastercard,5108752089379420,PHP,Peso
548,mastercard,5048378482259424,BGN,Lev
549,mastercard,5048373484162981,EUR,Euro
550,mastercard,5048372055547729,COP,Peso
551,mastercard,5048374100699208,PEN,Sol
552,mastercard,5048370710158460,IDR,Rupiah
553,mastercard,5108759391857118,XAF,Franc
554,mastercard,5048370005776836,EUR,Euro
555,mastercard,5048371393519721,CNY,Yuan Renminbi
556,mastercard,5108756807037178,PKR,Rupee
557,mastercard,5108751332504529,RUB,Ruble
558,mastercard,5108752983971819,UAH,Hryvnia
559,mastercard,5048372346368018,CAD,Dollar
560,mastercard,5048377750511847,CVE,Escudo
561,mastercard,5108759252023685,IDR,Rupiah
562,mastercard,5048377989389320,CNY,Yuan Renminbi
563,mastercard,5048371443862410,CNY,Yuan Renminbi
564,mastercard,5108753693851515,IDR,Rupiah
565,mastercard,5048376225400016,CNY,Yuan Renminbi
566,mastercard,5108755320556169,PHP,Peso
567,mastercard,5108754633198884,MKD,Denar
568,mastercard,5108758357082570,CZK,Koruna
569,mastercard,5108755384193032,JOD,Dinar
570,mastercard,5048371849655970,SZL,Lilangeni
571,mastercard,5048370879802080,EUR,Euro
572,mastercard,5048374996277747,CUP,Peso
573,mastercard,5108758840070463,KRW,Won
574,mastercard,5048378265124803,MYR,Ringgit
575,mastercard,5108752815186974,CNY,Yuan Renminbi
576,mastercard,5048376350719537,IDR,Rupiah
577,mastercard,5108752754854160,IDR,Rupiah
578,mastercard,5108754384480119,IDR,Rupiah
579,mastercard,5048371959956952,JPY,Yen
580,mastercard,5108759972442660,VND,Dong
581,mastercard,5108754887499053,EUR,Euro
582,mastercard,5108759735321599,BRL,Real
583,mastercard,5048372769226131,BGN,Lev
584,mastercard,5108751976000487,ILS,Shekel
585,mastercard,5048371247705112,CNY,Yuan Renminbi
586,mastercard,5108758656601492,PHP,Peso
587,mastercard,5048377571578512,IDR,Rupiah
588,mastercard,5048372070877796,DOP,Peso
589,mastercard,5108756728473288,PLN,Zloty
590,mastercard,5048371043492998,KRW,Won
591,mastercard,5108750998872303,CAD,Dollar
592,mastercard,5108756105914755,USD,Dollar
593,mastercard,5048370792344392,NIO,Cordoba
594,mastercard,5048375917359183,CNY,Yuan Renminbi
595,mastercard,5108751039467772,CNY,Yuan Renminbi
596,mastercard,5108757782085737,MWK,Kwacha
597,mastercard,5048376760175601,IDR,Rupiah
598,mastercard,5108759131386139,CNY,Yuan Renminbi
599,mastercard,5108755354868514,IDR,Rupiah
600,mastercard,5108759685092059,MXN,Peso
601,mastercard,5108751316665882,IDR,Rupiah
602,mastercard,5108755701621004,BRL,Real
603,mastercard,5048370063249924,IDR,Rupiah
604,mastercard,5108753290494248,USD,Dollar
605,mastercard,5048378917881925,IDR,Rupiah
606,mastercard,5048376751761310,CZK,Koruna
607,mastercard,5108752254033810,IDR,Rupiah
608,mastercard,5048376733187758,ILS,Shekel
609,mastercard,5048377570621982,BRL,Real
610,mastercard,5048370106896798,YER,Rial
611,mastercard,5108750637303231,CNY,Yuan Renminbi
612,mastercard,5048377509789090,KZT,Tenge
613,mastercard,5108758982215900,CNY,Yuan Renminbi
614,mastercard,5108759966260201,CNY,Yuan Renminbi
615,mastercard,5048371973761156,CNY,Yuan Renminbi
616,mastercard,5108758365923799,SEK,Krona
617,mastercard,5048373925254553,EUR,Euro
618,mastercard,5108752725434233,CNY,Yuan Renminbi
619,mastercard,5108750492726443,CNY,Yuan Renminbi
620,mastercard,5108759101122936,EUR,Euro
621,mastercard,5108757156746567,PHP,Peso
622,mastercard,5048370580180891,PEN,Sol
623,mastercard,5108755888707030,VEF,Bolivar
624,mastercard,5108754345140976,USD,Dollar
625,mastercard,5108753222248688,IDR,Rupiah
626,mastercard,5048377901722079,JPY,Yen
627,mastercard,5108754856641875,IDR,Rupiah
628,mastercard,5048376401180010,MRO,Ouguiya
629,mastercard,5048370446190886,PHP,Peso
630,mastercard,5048375244160387,PKR,Rupee
631,mastercard,5108752353154863,PEN,Sol
632,mastercard,5108758507837972,MXN,Peso
633,mastercard,5048377446870912,JPY,Yen
634,mastercard,5048372668254077,EUR,Euro
635,mastercard,5048379546506487,IDR,Rupiah
636,mastercard,5108757603508404,RUB,Ruble
637,mastercard,5048379486794549,IDR,Rupiah
638,mastercard,5108757071988799,CLP,Peso
639,mastercard,5048372411461029,BGN,Lev
640,mastercard,5108755015109340,PHP,Peso
641,mastercard,5048375531605706,BOB,Boliviano
642,mastercard,5048374663462135,RUB,Ruble
643,mastercard,5048372564775795,CHF,Franc
644,mastercard,5108754998145108,CNY,Yuan Renminbi
645,mastercard,5108759545365109,CNY,Yuan Renminbi
646,mastercard,5108750322570250,HTG,Gourde
647,mastercard,5108757958011970,USD,Dollar
648,mastercard,5108750486767718,EUR,Euro
649,mastercard,5108759711698739,RUB,Ruble
650,mastercard,5108752051384820,CNY,Yuan Renminbi
651,mastercard,5048374507685073,CNY,Yuan Renminbi
652,mastercard,5048378709177904,ZAR,Rand
653,mastercard,5108753330154901,XOF,Franc
654,mastercard,5048375365934727,ZAR,Rand
655,mastercard,5108752091219531,IDR,Rupiah
656,mastercard,5048373754541153,MKD,Denar
657,mastercard,5048378599926154,YER,Rial
658,mastercard,5048376919586385,RUB,Ruble
659,mastercard,5048377362375961,ARS,Peso
660,mastercard,5108750018021709,RUB,Ruble
661,mastercard,5108755275354727,BRL,Real
662,mastercard,5108750418484085,USD,Dollar
663,mastercard,5048376852298667,PHP,Peso
664,mastercard,5048373740047810,RUB,Ruble
665,mastercard,5048378423431769,PHP,Peso
666,mastercard,5108752951033428,RUB,Ruble
667,mastercard,5108752102593114,EUR,Euro
668,mastercard,5048375205954372,MXN,Peso
669,mastercard,5048371821425202,EUR,Euro
670,mastercard,5108755255312893,IDR,Rupiah
671,mastercard,5108753292201336,USD,Dollar
672,mastercard,5048372290138730,THB,Baht
673,mastercard,5108751768955823,HNL,Lempira
674,mastercard,5108756256719094,CNY,Yuan Renminbi
675,mastercard,5108753618072791,CNY,Yuan Renminbi
676,mastercard,5108753328036482,PHP,Peso
677,mastercard,5048373127113151,CNY,Yuan Renminbi
678,mastercard,5048377618955319,PKR,Rupee
679,mastercard,5108758370653407,BRL,Real
680,mastercard,5108759222784390,BRL,Real
681,mastercard,5108758597615965,XOF,Franc
682,mastercard,5048370631150091,IDR,Rupiah
683,mastercard,5048374659658837,RUB,Ruble
684,mastercard,5048373212294908,PHP,Peso
685,mastercard,5048379762338987,CNY,Yuan Renminbi
686,mastercard,5108759514271726,CNY,Yuan Renminbi
687,mastercard,5108750642830764,KRW,Won
688,mastercard,5048378933641949,CNY,Yuan Renminbi
689,mastercard,5108754499334870,USD,Dollar
690,mastercard,5048378040281159,IDR,Rupiah
691,mastercard,5108757752684543,BRL,Real
692,mastercard,5108756283526389,CNY,Yuan Renminbi
693,mastercard,5108759771389674,USD,Dollar
694,mastercard,5048377182984976,RUB,Ruble
695,mastercard,5108752131533453,PHP,Peso
696,mastercard,5048370269093142,ARS,Peso
697,mastercard,5048371736147966,SLL,Leone
698,mastercard,5048370829854462,GMD,Dalasi
699,mastercard,5108752361674217,IDR,Rupiah
700,mastercard,5108759046850161,ZAR,Rand
701,mastercard,5108758068917213,PHP,Peso
702,mastercard,5108751501363152,HTG,Gourde
703,mastercard,5048370794916031,EUR,Euro
704,mastercard,5108753789254277,IDR,Rupiah
705,mastercard,5108754211406691,CNY,Yuan Renminbi
706,mastercard,5108757390848674,BYR,Ruble
707,mastercard,5048373154429884,UGX,Shilling
708,mastercard,5048377840443852,PHP,Peso
709,mastercard,5108753325614307,PKR,Rupee
710,mastercard,5108756380303468,THB,Baht
711,mastercard,5048376910977989,KZT,Tenge
712,mastercard,5048377385108969,SEK,Krona
713,mastercard,5108755922413959,CNY,Yuan Renminbi
714,mastercard,5108752500337718,JPY,Yen
715,mastercard,5048375042352038,MXN,Peso
716,mastercard,5108758779138497,CNY,Yuan Renminbi
717,mastercard,5108756645329365,JPY,Yen
718,mastercard,5048373435852250,EUR,Euro
719,mastercard,5048373763869645,CNY,Yuan Renminbi
720,mastercard,5048374868134711,EUR,Euro
721,mastercard,5048371580356143,CDF,Franc
722,mastercard,5108754033139850,CNY,Yuan Renminbi
723,mastercard,5108752241737853,CAD,Dollar
724,mastercard,5048374163717137,JPY,Yen
725,mastercard,5108759781116711,MXN,Peso
726,mastercard,5048375187177786,EUR,Euro
727,mastercard,5048374761814187,ILS,Shekel
728,mastercard,5108759680723328,ALL,Lek
729,mastercard,5108759850571150,EUR,Euro
730,mastercard,5048377548687693,BRL,Real
731,mastercard,5048371466745286,EUR,Euro
732,mastercard,5048375078857330,CNY,Yuan Renminbi
733,mastercard,5108751436755464,MKD,Denar
734,mastercard,5048379677133291,RUB,Ruble
735,mastercard,5048371446684936,CNY,Yuan Renminbi
736,mastercard,5108751858578816,GBP,Pound
737,mastercard,5048377139500453,EUR,Euro
738,mastercard,5108755114062473,IDR,Rupiah
739,mastercard,5048371657103139,TZS,Shilling
740,mastercard,5048378400223858,USD,Dollar
741,mastercard,5048372552531317,IDR,Rupiah
742,mastercard,5108752665177404,PLN,Zloty
743,mastercard,5108750136814894,EUR,Euro
744,mastercard,5048374431651993,MGA,Ariary
745,mastercard,5048372973369669,UAH,Hryvnia
746,mastercard,5048378688186165,MXN,Peso
747,mastercard,5048372058171360,IDR,Rupiah
748,mastercard,5108751505497550,IDR,Rupiah
749,mastercard,5108759862158145,RUB,Ruble
750,mastercard,5048379825485536,PHP,Peso
751,mastercard,5108754045046499,PHP,Peso
752,mastercard,5108752727008332,RUB,Ruble
753,mastercard,5048375362992678,ALL,Lek
754,mastercard,5108750498228006,BGN,Lev
755,mastercard,5048374485936548,EUR,Euro
756,mastercard,5108759977974485,CNY,Yuan Renminbi
757,mastercard,5048378083344765,PHP,Peso
758,mastercard,5108753245587187,IDR,Rupiah
759,mastercard,5048378744802607,BRL,Real
760,mastercard,5048378857713328,RUB,Ruble
761,mastercard,5048379788714567,CZK,Koruna
762,mastercard,5108753826698734,EUR,Euro
763,mastercard,5108755188190408,PHP,Peso
764,mastercard,5048375522801488,PHP,Peso
765,mastercard,5048374557002328,TZS,Shilling
766,mastercard,5108753440419905,BRL,Real
767,mastercard,5048373631477837,PLN,Zloty
768,mastercard,5108758281015530,GTQ,Quetzal
769,mastercard,5108756171117317,JPY,Yen
770,mastercard,5108755953490389,CNY,Yuan Renminbi
771,mastercard,5108750669380420,EUR,Euro
772,mastercard,5108752561309465,SEK,Krona
773,mastercard,5048379032932361,SEK,Krona
774,mastercard,5108757633249821,CNY,Yuan Renminbi
775,mastercard,5048377616714643,IDR,Rupiah
776,mastercard,5048370248208654,PHP,Peso
777,mastercard,5048375927440221,RUB,Ruble
778,mastercard,5048378677004676,ZAR,Rand
779,mastercard,5108753601065810,CZK,Koruna
780,mastercard,5048374638906661,MYR,Ringgit
781,mastercard,5108759818985252,NGN,Naira
782,mastercard,5048376454096741,IDR,Rupiah
783,mastercard,5048371644052316,EUR,Euro
784,mastercard,5108759939603982,EUR,Euro
785,mastercard,5048373135186785,CNY,Yuan Renminbi
786,mastercard,5108758748939462,THB,Baht
787,mastercard,5048374026564890,RUB,Ruble
788,mastercard,5048376850849958,NGN,Naira
789,mastercard,5048370499294775,CNY,Yuan Renminbi
790,mastercard,5108757483237538,IDR,Rupiah
791,mastercard,5108758212406469,BSD,Dollar
792,mastercard,5108752768434306,RUB,Ruble
793,mastercard,5048377995027054,BAM,Marka
794,mastercard,5108754838973271,SLL,Leone
795,mastercard,5108755516303475,BWP,Pula
796,mastercard,5108757223587804,CNY,Yuan Renminbi
797,mastercard,5048377129598285,CNY,Yuan Renminbi
798,mastercard,5108751347605121,ILS,Shekel
799,mastercard,5108750247106503,USD,Dollar
800,mastercard,5108751594222331,PEN,Sol
801,mastercard,5048371358332318,IDR,Rupiah
802,mastercard,5048370126443092,CNY,Yuan Renminbi
803,mastercard,5108754256147630,PLN,Zloty
804,mastercard,5108755841632341,PHP,Peso
805,mastercard,5048379928560169,RUB,Ruble
806,mastercard,5108757498852495,RUB,Ruble
807,mastercard,5108755748607784,UAH,Hryvnia
808,mastercard,5048372859385755,IDR,Rupiah
809,mastercard,5108752504761707,EUR,Euro
810,mastercard,5048374058429657,KRW,Won
811,mastercard,5108756394723081,PLN,Zloty
812,mastercard,5048375868393694,PEN,Sol
813,mastercard,5048376368874480,IDR,Rupiah
814,mastercard,5048370434641809,NGN,Naira
815,mastercard,5108757551688158,UAH,Hryvnia
816,mastercard,5048373413271440,EUR,Euro
817,mastercard,5048375100804185,EUR,Euro
818,mastercard,5108753672033366,CNY,Yuan Renminbi
819,mastercard,5108751263733949,JPY,Yen
820,mastercard,5108758205398996,NGN,Naira
821,mastercard,5048375723410972,BRL,Real
822,mastercard,5108759016055999,PEN,Sol
823,mastercard,5108754972914107,JPY,Yen
824,mastercard,5048370949073514,PLN,Zloty
825,mastercard,5048377296870152,IDR,Rupiah
826,mastercard,5108754176021089,EUR,Euro
827,mastercard,5048377025665543,PLN,Zloty
828,mastercard,5048377786242854,HRK,Kuna
829,mastercard,5048370315152231,EUR,Euro
830,mastercard,5108755076068385,SEK,Krona
831,mastercard,5048376241240966,IDR,Rupiah
832,mastercard,5048378857431640,JPY,Yen
833,mastercard,5108751571719358,EUR,Euro
834,mastercard,5108754980623112,RUB,Ruble
835,mastercard,5108754731078095,CNY,Yuan Renminbi
836,mastercard,5048370940785124,PLN,Zloty
837,mastercard,5048374843382815,GTQ,Quetzal
838,mastercard,5108757270581262,IDR,Rupiah
839,mastercard,5048371600803249,PEN,Sol
840,mastercard,5048370781060306,USD,Dollar
841,mastercard,5108754615340496,CNY,Yuan Renminbi
842,mastercard,5048374405672702,BYR,Ruble
843,mastercard,5048371893879344,HRK,Kuna
844,mastercard,5108750507727162,NGN,Naira
845,mastercard,5108750779740448,THB,Baht
846,mastercard,5048378984325921,CNY,Yuan Renminbi
847,mastercard,5108751940842253,EUR,Euro
848,mastercard,5048372437728328,ILS,Shekel
849,mastercard,5048376742686402,MZN,Metical
850,mastercard,5108756027632055,EUR,Euro
851,mastercard,5048375879976032,RUB,Ruble
852,mastercard,5048374075804189,JPY,Yen
853,mastercard,5048377732638007,IDR,Rupiah
854,mastercard,5048379292639532,DOP,Peso
855,mastercard,5108755492038970,ZAR,Rand
856,mastercard,5108750141196212,NGN,Naira
857,mastercard,5048373671185902,BGN,Lev
858,mastercard,5048376574137730,XOF,Franc
859,mastercard,5048378395106761,IDR,Rupiah
860,mastercard,5108751565253315,PHP,Peso
861,mastercard,5108752060080211,AMD,Dram
862,mastercard,5108757658305292,MYR,Ringgit
863,mastercard,5108757050926166,XOF,Franc
864,mastercard,5048376581614069,SEK,Krona
865,mastercard,5108752942766300,IDR,Rupiah
866,mastercard,5108750483591400,ALL,Lek
867,mastercard,5108757939632423,IDR,Rupiah
868,mastercard,5108757943017629,IDR,Rupiah
869,mastercard,5048375937952421,CNY,Yuan Renminbi
870,mastercard,5048371574912265,CAD,Dollar
871,mastercard,5048372391130032,AFN,Afghani
872,mastercard,5108756841305128,IDR,Rupiah
873,mastercard,5048375251275854,EUR,Euro
874,mastercard,5048371092524493,KZT,Tenge
875,mastercard,5048376918681682,SEK,Krona
876,mastercard,5048375903408705,USD,Dollar
877,mastercard,5108752408589949,JOD,Dinar
878,mastercard,5108752242890800,CNY,Yuan Renminbi
879,mastercard,5048374781730413,CZK,Koruna
880,mastercard,5108754286849486,PLN,Zloty
881,mastercard,5048379306109670,EUR,Euro
882,mastercard,5108753765480359,IDR,Rupiah
883,mastercard,5048379592714308,AZN,Manat
884,mastercard,5048379242027192,RUB,Ruble
885,mastercard,5108752125238226,PLN,Zloty
886,mastercard,5108753368226951,CNY,Yuan Renminbi
887,mastercard,5108758765855021,NOK,Krone
888,mastercard,5048378738215121,RUB,Ruble
889,mastercard,5048377226783483,PAB,Balboa
890,mastercard,5108752062913641,BRL,Real
891,mastercard,5108758882644050,UAH,Hryvnia
892,mastercard,5048378816272465,EUR,Euro
893,mastercard,5108758408227844,IDR,Rupiah
894,mastercard,5108751172735522,EUR,Euro
895,mastercard,5108753187098391,PHP,Peso
896,mastercard,5108759976728064,EUR,Euro
897,mastercard,5048379901162959,CNY,Yuan Renminbi
898,mastercard,5048379742229512,CNY,Yuan Renminbi
899,mastercard,5048377250835720,RUB,Ruble
900,mastercard,5108756286482150,IDR,Rupiah
901,mastercard,5048376977442810,BYR,Ruble
902,mastercard,5108754946537653,EUR,Euro
903,mastercard,5048371774504292,EUR,Euro
904,mastercard,5048373580994261,IDR,Rupiah
905,mastercard,5108753556507626,CNY,Yuan Renminbi
906,mastercard,5108754840958088,XCD,Dollar
907,mastercard,5108753587706353,BRL,Real
908,mastercard,5108754871661114,PHP,Peso
909,mastercard,5048376644279645,JPY,Yen
910,mastercard,5048375906736185,ETB,Birr
911,mastercard,5048376856181679,BRL,Real
912,mastercard,5048376206108596,CNY,Yuan Renminbi
913,mastercard,5108755624403753,CNY,Yuan Renminbi
914,mastercard,5108750457921971,IDR,Rupiah
915,mastercard,5108751012673198,PHP,Peso
916,mastercard,5048379552730674,CNY,Yuan Renminbi
917,mastercard,5108751515803201,CNY,Yuan Renminbi
918,mastercard,5048374980379525,CNY,Yuan Renminbi
919,mastercard,5108751735471557,IDR,Rupiah
920,mastercard,5108757546096103,RUB,Ruble
921,mastercard,5108752400192239,EUR,Euro
922,mastercard,5108758698817791,PAB,Balboa
923,mastercard,5108755181377184,MGA,Ariary
924,mastercard,5048379830910080,SEK,Krona
925,mastercard,5108758033104483,PEN,Sol
926,mastercard,5048370369009790,MRO,Ouguiya
927,mastercard,5108759282821413,PHP,Peso
928,mastercard,5108752050583596,KWD,Dinar
929,mastercard,5048376217808994,CNY,Yuan Renminbi
930,mastercard,5048372481384606,EUR,Euro
931,mastercard,5108756725285339,IRR,Rial
932,mastercard,5108756080685479,CNY,Yuan Renminbi
933,mastercard,5108756846390158,RUB,Ruble
934,mastercard,5108759305932403,EUR,Euro
935,mastercard,5048370326735776,CZK,Koruna
936,mastercard,5108759385354122,CNY,Yuan Renminbi
937,mastercard,5048370291969566,EGP,Pound
938,mastercard,5048375494147639,CNY,Yuan Renminbi
939,mastercard,5048375497906353,COP,Peso
940,mastercard,5108752704710504,USD,Dollar
941,mastercard,5108751130167297,PLN,Zloty
942,mastercard,5108754954399764,SEK,Krona
943,mastercard,5108750313963563,BRL,Real
944,mastercard,5108751276208673,RUB,Ruble
945,mastercard,5048370329056592,PHP,Peso
946,mastercard,5048377754787260,CZK,Koruna
947,mastercard,5048378634617883,IDR,Rupiah
948,mastercard,5048376859687250,MXN,Peso
949,mastercard,5108758551940086,IDR,Rupiah
950,mastercard,5048379154590708,PHP,Peso
951,mastercard,5048379173852097,JPY,Yen
952,mastercard,5048371745226413,CNY,Yuan Renminbi
953,mastercard,5108755388920570,PHP,Peso
954,mastercard,5048372557704265,BRL,Real
955,mastercard,5048370173420662,BRL,Real
956,mastercard,5048371740567456,VEF,Bolivar
957,mastercard,5048378371025662,ARS,Peso
958,mastercard,5108752045837842,NGN,Naira
959,mastercard,5108757356266622,KRW,Won
960,mastercard,5108756916308577,NGN,Naira
961,mastercard,5048379417298529,USD,Dollar
962,mastercard,5108757673704404,IDR,Rupiah
963,mastercard,5048376797831317,RUB,Ruble
964,mastercard,5108751724737471,PLN,Zloty
965,mastercard,5048378348821193,THB,Baht
966,mastercard,5108757304017077,CNY,Yuan Renminbi
967,mastercard,5108757204840214,PHP,Peso
968,mastercard,5108753434811273,CNY,Yuan Renminbi
969,mastercard,5108751130475070,CNY,Yuan Renminbi
970,mastercard,5108754148713490,CNY,Yuan Renminbi
971,mastercard,5048371981876871,PLN,Zloty
972,mastercard,5108754105369062,PHP,Peso
973,mastercard,5048373179126259,PHP,Peso
974,mastercard,5048373945061855,CNY,Yuan Renminbi
975,mastercard,5048376594817055,CNY,Yuan Renminbi
976,mastercard,5108758979087007,RUB,Ruble
977,mastercard,5108758836517717,EUR,Euro
978,mastercard,5048378468433506,PHP,Peso
979,mastercard,5048373343683565,EUR,Euro
980,mastercard,5048373888192360,AED,Dirham
981,mastercard,5108756231831493,PHP,Peso
982,mastercard,5048371303839870,CNY,Yuan Renminbi
983,mastercard,5048375598003142,PHP,Peso
984,mastercard,5048373917264933,MKD,Denar
985,mastercard,5108756235718860,AMD,Dram
986,mastercard,5108754116525595,USD,Dollar
987,mastercard,5048373673136846,THB,Baht
988,mastercard,5048371072208091,MXN,Peso
989,mastercard,5108757202073719,CNY,Yuan Renminbi
990,mastercard,5108754397898554,RUB,Ruble
991,mastercard,5108753329981322,BGN,Lev
992,mastercard,5048374947935625,AUD,Dollar
993,mastercard,5108756010889928,CNY,Yuan Renminbi
994,mastercard,5048371030746737,RUB,Ruble
995,mastercard,5048377278668251,MYR,Ringgit
996,mastercard,5108758100024762,VEF,Bolivar
997,mastercard,5048373173979810,IDR,Rupiah
998,mastercard,5048379278980140,EUR,Euro
999,mastercard,5108750077514362,PEN,Sol
1000,mastercard,5048376178082118,PLN,Zloty
